{
    "best_alpha": 0.30000000000000004,
    "best_results": {
      "DTD": {
        "absolute": {
          "test": 46.91489361702128,
          "train": 46.91489361702128,
          "val": 46.91489361702128,
          "fim_logtr": 14
        },
        "normalized": {
          "test": 46.91489361702128,
          "train": 46.91489361702128,
          "val": 46.91489361702128
        }
      },
      "EuroSAT": {...},
      "GTSRB": {...},
      "MNIST": {...},
      "RESISC45": {...},
      "SVHN": {...},
      "average": {
        "absolute": {
          "test": 46.91489361702128,
          "train": 46.91489361702128,
          "val": 46.91489361702128,
          "fim_logtr": 14
        },
        "normalized": {
          "test": 46.91489361702128,
          "train": 46.91489361702128,
          "val": 46.91489361702128
        }
      }
    },
  
    "results": {
      "0.00": {
        "DTD": {
          "absolute": {
            "test": 46.91489361702128,
            "train": 46.91489361702128,
            "val": 46.91489361702128,
            "fim_logtr": 14
          },
          "normalized": {
            "test": 46.91489361702128,
            "train": 46.91489361702128,
            "val": 46.91489361702128
          }
        },
        "EuroSAT": {...},
        "GTSRB": {...},
        "MNIST": {...},
        "RESISC45": {...},
        "SVHN": {...},
        "average": {
          "absolute": {
              "test": 46.91489361702128,
              "train": 46.91489361702128,
              "val": 46.91489361702128,
              "fim_logtr": 14
          },
          "normalized": {
              "test": 46.91489361702128,
              "train": 46.91489361702128,
              "val": 46.91489361702128
          }
      },
      "0.05": {...},
      "0.10": {...},
      "0.15": {...},
      "0.20": {...},
      "0.25": {...},
      "0.30": {...}
    }
  }    